month,status,signal_date,asset,side,weight,secid,settle,contracts,universe,generated_at
2026-10,пробный,2026-09-30,SBPR,лонг,0.125,SBPR-12.26,28367.0,4,26,2026-10-04T22:35:19
2026-10,пробный,2026-09-30,AFKS,шорт,0.125,AFKS-12.26,7095.0,18,26,2026-10-04T22:35:19
2026-10,пробный,2026-09-30,SBRF,лонг,0.125,SBRF-12.26,28268.0,4,26,2026-10-04T22:35:19
2026-10,пробный,2026-09-30,MGNT,шорт,0.125,MGNT-12.26,1602.0,78,26,2026-10-04T22:35:19
2026-10,пробный,2026-09-30,ALRS,шорт,0.125,ALRS-12.26,1898.0,66,26,2026-10-04T22:35:19
2026-10,пробный,2026-09-30,VKCO,шорт,0.125,VKCO-12.26,1156.0,108,26,2026-10-04T22:35:19
2026-10,пробный,2026-09-30,GMKN,лонг,0.125,GMKN-12.26,1178.0,106,26,2026-10-04T22:35:19
2026-10,пробный,2026-09-30,NLMK,шорт,0.125,NLMK-12.26,7034.0,18,26,2026-10-04T22:35:19
2026-10,пробный,2026-09-30,NOTK,лонг,0.125,NOTKM-12.26,10492.0,12,26,2026-10-04T22:35:19
2026-10,пробный,2026-09-30,TATN,лонг,0.125,TATN-12.26,62902.0,2,26,2026-10-04T22:35:19
2026-10,пробный,2026-09-30,AFLT,шорт,0.125,AFLT-12.26,3292.0,38,26,2026-10-04T22:35:19
2026-10,пробный,2026-09-30,YDEX,лонг,0.125,YDEX-12.26,3666.0,34,26,2026-10-04T22:35:19
2026-10,пробный,2026-09-30,SMLT,шорт,0.125,SMLT-12.26,238.0,525,26,2026-10-04T22:35:19
2026-10,пробный,2026-09-30,SNGP,лонг,0.125,SNGP-12.26,41188.0,3,26,2026-10-04T22:35:19
2026-10,пробный,2026-09-30,PLZL,шорт,0.125,PLZLM-12.26,9973.0,13,26,2026-10-04T22:35:19
2026-10,пробный,2026-09-30,MOEX,лонг,0.125,MOEX-12.26,15478.0,8,26,2026-10-04T22:35:19
